{
  "id": 14,
  "subject": "Inicio Proceso Asignatura Practica Profesional 2025-2",
  "description": "Hola Luis,\nTe cuento que iniciamos el proceso de la asignatura Practica Profesional,\nEs por eso que debemos juntarnos online para definir los pasos a seguir y las instrucciones que amerita esta asignatura.\nEn el siguiente link te puedes anotar para nuestra primera reunión que tiene duración aprox de 20 minutos.\nhttps://calendar.app.google/UXPpW6bxjsTT6Tk99\n\nSaludos y estamos en contacto.\n\n--",
  "status": "open",
  "priority": "-",
  "type": "ticket",
  "requester": {
    "name": "Luis Yagi Figueroa - Docente DUOC",
    "email": "l.yagi@profesor.duoc.cl"
  },
  "tags": [],
  "exported_at": "2025-09-17T19:59:00.463Z"
}