{
  "id": 6,
  "subject": "Cargo en Cuenta",
  "description": "Luis Ignacio Olavarria Mancilla:\nTe informamos que se ha realizado una compra por $1.900 con cargo a Cuenta ****6010 en MERCADOPAGO*ARCHI el 19/09/2025 18:21.\nRevisa Saldos y Movimientos en App Mi Banco o Banco en Línea.\n\n\n Más información 60‍0 63‍7 37‍37.\n\n\nSigue estos consejos para evitar fraudes\n\nNunca te llamaremos solicitando tus claves o información personal.\n\nNunca hagas click en links ni descargues archivos adjuntos de correos sospechosos.\n\nIngresa a la página del Banco digitando la dirección en la barra de tu navegador.\n\nRealiza todo de forma ágil y simple usando nuestras aplicaciones*\n\n \n\nMi Banco\n\n‍Mi Pass\n\nMi Inversión\n\n \n\nEncuéntranos\n\nbancochile‎.‍cl\n\n@‍AyudaBancoChile\n\n \n\n \n\n@‍Bancodechile\n\nBanca Telefónica\n\n60‍0 63‍7 37‍37\n\n \n\n \n\n \n\n* Por seguridad, descarga las aplicaciones solo en las tiendas Google Play y App Store. Las Apps no están disponibles para teléfonos desbloqueados (Jailbreak o Rooteado).\n\nEste mensaje ha sido enviado a 'luis.olavarria229@gmail.com' con información exclusiva para clientes del banco.\nBanco de Chile. Casa Matriz: Ahumada 251, Santiago de Chile.\nInfórmese sobre la garantía estatal de los depósitos en su banco o en www‎.‍cmfchile‎.‍cl ©.\nTodos los derechos reservados.\n \n \n\n Comprometidos por un medio ambiente mejor, prefiera los medios digitales al papel impreso.",
  "status": "open",
  "priority": "-",
  "type": "ticket",
  "requester": {
    "name": "Banco de Chile",
    "email": "enviodigital@bancochile.cl"
  },
  "tags": [],
  "exported_at": "2025-09-22T20:50:03.291Z"
}