{
  "id": 12,
  "subject": "Has aparecido en 12 búsquedas",
  "description": "Mira quién te ha buscado\n͏ ͏ ͏ ͏ ͏ ͏ ͏ ͏ ͏ ͏  ͏ ͏ ͏ ͏ ͏ ͏ ͏ ͏ ͏ ͏  ͏ ͏ ͏ ͏ ͏ ͏ ͏ ͏ ͏ ͏  ͏ ͏ ͏ ͏ ͏ ͏ ͏ ͏ ͏ ͏  ͏ ͏ ͏ ͏ ͏ ͏ ͏ ͏ ͏ ͏  ͏ ͏ ͏ ͏ ͏ ͏ ͏ ͏ ͏ ͏  ͏ ͏ ͏ ͏ ͏ ͏ ͏ ͏ ͏ ͏  ͏ ͏ ͏ ͏ ͏ ͏ ͏ ͏ ͏ ͏  ͏ ͏ ͏ ͏ ͏ ͏ ͏ ͏ ͏ ͏  ͏ ͏ ͏ ͏ ͏ ͏ ͏ ͏ ͏ ͏  ͏ ͏ ͏ ͏ ͏ ͏ ͏ ͏ ͏ ͏  ͏ ͏ ͏ ͏ ͏ ͏ ͏ ͏ ͏ ͏  ͏ ͏ ͏ ͏ ͏ ͏ ͏ ͏ ͏ ͏  ͏ ͏ ͏ ͏ ͏ ͏ ͏ ͏ ͏ ͏  ͏ ͏ ͏ ͏ ͏ ͏ ͏ ͏ ͏ ͏  ͏ ͏ ͏ ͏ ͏ ͏ ͏ ͏ ͏ ͏ \n\nHas aparecido en 12 búsquedas esta semana\n\n+6  (https://www.linkedin.com/comm/me/search-appearances/?lipi=urn%3Ali%3Apage%3Aemail_email_notification_single_search_appearance_01%3Bavwj9NUmQoKW%2BldE77eVyg%3D%3D&midToken=AQFAQlinNTfPbg&midSig=2FU9S-DbsecXY1&trk=eml-email_notification_single_search_appearance_01-search_appearance_card-0-more_companies&trkEmail=eml-email_notification_single_search_appearance_01-search_appearance_card-0-more_companies-null-etg2vd~mftpil0w~9m-null-null&eid=etg2vd-mftpil0w-9m&otpToken=MWEwYzFiZTkxYTJiY2NjMGIxMjQwNGVkNDMxNmUzYjE4NmM5ZDI0NzkxYWI4ZDYxNzZjMDA3NmI0NjU4NTVmYWYzZGRkZmI0NjFmMGNkZDA3YjhiZWZiY2YzNGZmNTVhODRlYzYyNTBhM2U0YmI5M2RmYTk1YSwxLDE%3D)\n\nTe han encontrado personas de estas empresas\n\nVer todas las búsquedas  (https://www.linkedin.com/comm/me/search-appearances/?lipi=urn%3Ali%3Apage%3Aemail_email_notification_single_search_appearance_01%3Bavwj9NUmQoKW%2BldE77eVyg%3D%3D&midToken=AQFAQlinNTfPbg&midSig=2FU9S-DbsecXY1&trk=eml-email_notification_single_search_appearance_01-search~appearance~card-0-see~all~searches~button&trkEmail=eml-email_notification_single_search_appearance_01-search~appearance~card-0-see~all~searches~button-null-etg2vd~mftpil0w~9m-null-null&eid=etg2vd-mftpil0w-9m&otpToken=MWEwYzFiZTkxYTJiY2NjMGIxMjQwNGVkNDMxNmUzYjE4NmM5ZDI0NzkxYWI4ZDYxNzZjMDA3NmI0NjU4NTVmYWYzZGRkZmI0NjFmMGNkZDA3YjhiZWZiY2YzNGZmNTVhODRlYzYyNTBhM2U0YmI5M2RmYTk1YSwxLDE%3D)\n\nDescargar la nueva aplicación de LinkedIn para ordenador\n\nTambién disponible en versión móvil\n\n-------------------------------\n\nEste email está dirigido a Luis Archundia (Estudiante en Université des Études internationales de Shanghai)\nConsulta por qué informamos sobre esto. (https://www.linkedin.com/help/linkedin/answer/4788?lang=es&lipi=urn%3Ali%3Apage%3Aemail_email_notification_single_search_appearance_01%3Bavwj9NUmQoKW%2BldE77eVyg%3D%3D&midToken=AQFAQlinNTfPbg&midSig=2FU9S-DbsecXY1&trk=eml-email_notification_single_search_appearance_01-SecurityHelp-0-footerglimmer&trkEmail=eml-email_notification_single_search_appearance_01-SecurityHelp-0-footerglimmer-null-etg2vd~mftpil0w~9m-null-null&eid=etg2vd-mftpil0w-9m&otpToken=MWEwYzFiZTkxYTJiY2NjMGIxMjQwNGVkNDMxNmUzYjE4NmM5ZDI0NzkxYWI4ZDYxNzZjMDA3NmI0NjU4NTVmYWYzZGRkZmI0NjFmMGNkZDA3YjhiZWZiY2YzNGZmNTVhODRlYzYyNTBhM2U0YmI5M2RmYTk1YSwxLDE%3D)\nRecibes emails sobre notificaciones de LinkedIn.\nDarse de baja (https://www.linkedin.com/comm/psettings/email-unsubscribe?lipi=urn%3Ali%3Apage%3Aemail_email_notification_single_search_appearance_01%3Bavwj9NUmQoKW%2BldE77eVyg%3D%3D&midToken=AQFAQlinNTfPbg&midSig=2FU9S-DbsecXY1&trk=eml-email_notification_single_search_appearance_01-unsubscribe-0-footerGlimmer&trkEmail=eml-email_notification_single_search_appearance_01-unsubscribe-0-footerGlimmer-null-etg2vd~mftpil0w~9m-null-null&eid=etg2vd-mftpil0w-9m&loid=AQG_wC1wP8cW-QAAAZlsXgvyzBWEoLc3Vv4PKnxio741DYKdaA0zYFRqwICY24BIKyvOsNR0-shyYZUL5l4ibZnHP7td0kmE90oiEh2VUVQ5YrFryTrOWg)   ·   Ayuda (https://www.linkedin.com/help/linkedin/answer/67?lang=es&lipi=urn%3Ali%3Apage%3Aemail_email_notification_single_search_appearance_01%3Bavwj9NUmQoKW%2BldE77eVyg%3D%3D&midToken=AQFAQlinNTfPbg&midSig=2FU9S-DbsecXY1&trk=eml-email_notification_single_search_appearance_01-help-0-footerglimmer&trkEmail=eml-email_notification_single_search_appearance_01-help-0-footerglimmer-null-etg2vd~mftpil0w~9m-null-null&eid=etg2vd-mftpil0w-9m&otpToken=MWEwYzFiZTkxYTJiY2NjMGIxMjQwNGVkNDMxNmUzYjE4NmM5ZDI0NzkxYWI4ZDYxNzZjMDA3NmI0NjU4NTVmYWYzZGRkZmI0NjFmMGNkZDA3YjhiZWZiY2YzNGZmNTVhODRlYzYyNTBhM2U0YmI5M2RmYTk1YSwxLDE%3D)\n© 2025 LinkedIn Ireland Unlimited Company, Wilton Plaza, Wilton Place, Dublín 2. LinkedIn es un nombre comercial registrado de LinkedIn Ireland Unlimited Company. LinkedIn y el logotipo de LinkedIn son marcas registradas de LinkedIn.",
  "status": "open",
  "priority": "-",
  "type": "ticket",
  "requester": {
    "name": "LinkedIn",
    "email": "notifications-noreply@linkedin.com"
  },
  "tags": [],
  "exported_at": "2025-09-23T12:18:47.238Z"
}