{
  "id": 28,
  "subject": "Mantención Servicios Digitales | Fin de Semana",
  "description": "Si no lees correctamente este mensaje, [haz\nclic aquí. <https://8d2108db5c8844ab8fde68f7c6aac1b4.marketingusercontent.com/m/view/XAZIzTTxIkWhLQK4i1Qd0HHDi121ypYmgYyNMT8AVGsx>]\nSantiago, 11 de septiembre de 2025 Estimado(a) estudiante: Te informamos que este fin de semana se realizará una mantención de servicios digitales, Desde el sábado 13 a las 20.00 horas, hasta las 10:30 del domingo 14. Por tal motivo, los siguientes servicios digitales no se encontrarán disponibles durante el horario señalado: Estudiantes 1. Firma Electrónica de Contrato • A través del [portal vivo Duoc. <https://experienciavivo.duoc.cl/>] • A través de la URL [directa <https://firmadecontrato.duoc.cl/home/seleccion_de_proceso>] . 2. Firma Electrónica de Consentimiento (para estudiantes con deuda) • A través del [portal vivo Duoc. <https://experienciavivo.duoc.cl/>] • A través de la URL [directa. <https://firmadecontrato.duoc.cl/home/seleccion_de_proceso>] 3. Consulta Boleta de Alumnos • A través del [portal vivo Duoc. <https://experienciavivo.duoc.cl/>] 4. Impresión de cupones arancel y matrícula • Accesible mediante este [link. <https://portalinsc.duoc.cl/webdynpro/resources/duoc.com.student/printdoc/PrintDocuments>] 5. Horario de Alumnos • Accesible mediante este [link. <https://portalinsc.duoc.cl/webdynpro/resources/duoc.com/horario/PrintSchedule>] • A través del [portal vivo Duoc. <https://experienciavivo.duoc.cl/>] Disculpa las molestias que esta situación te pueda ocasionar. Saluda atentamente, Duoc UC\n[<https://www.instagram.com/duocuc_cl/>]\n[<https://cl.linkedin.com/school/duoc-uc/>]\n[<https://www.youtube.com/user/DuocUCvideos>]\n[<https://twitter.com/DuocUC>]\n[<https://www.facebook.com/DuocUC/>]\n[<https://www.duoc.cl/>]\n[<https://www.duoc.cl/>]\n© 2023 Microsoft Dynamics. Todos los derechos reservados.\nexperienciavivo@duoc.cl\n[Cancelar suscripción\n<https://8d2108db5c8844ab8fde68f7c6aac1b4.svc.dynamics.com/f/w/manageSubscriptions?msdynunsubscribeid=ILSx7w9MiDnJxnPdAhJSxF3hIyY28Ay4PduLHe4caygx>]",
  "status": "open",
  "priority": "normal",
  "type": "ticket",
  "assignee": {},
  "requester": {
    "name": "Duoc UC",
    "email": "experienciavivo@duoc.cl"
  },
  "tags": [],
  "exported_at": "2025-09-17T19:53:06.783Z"
}