{
  "id": 11,
  "subject": "SEDE :PUERTO MONTT- CARRERA :INGENIERIA EN INFORMATICA MENCION INGENIERIA DE DATOS - ALUMNO: MISA 09 DE SEPTIEMBRE",
  "description": "Estimad@s alumn@s.Les invitamos a unirse este martes 9 de septiembre a las 15:00 horas en la capilla de nuestra sede para que como comunidad recemos por el descanso eterno de nuestro querido amigo Nicolás Bahamonde.&nbsp;Saludos.Natacha AmpueroCoordinadora de carreraEsc. Informática y Telecomunicaciones",
  "status": "open",
  "priority": "-",
  "type": "ticket",
  "assignee": {},
  "requester": {
    "name": "Natacha Ampuero A",
    "email": "nampuero@duoc.cl"
  },
  "tags": [],
  "exported_at": "2025-09-17T19:34:37.434Z"
}