{
  "id": 27,
  "subject": "Sábado 13 de septiembre abierto de 9:00 a 10:30",
  "description": "*Sábado 13 de septiembre abierto de 9:00 a 10:30*\n\nSábado 13 de septiembre abierto de 9:00 a 10:30\n\nEstimados estudiantes este sábado 13 de septiembre el CAF abrirá un solo bloque de 9:00 am a 10:30 am. saludos.\n\nCorreo enviado de forma automática desde una casilla no supervisada.\n\nCopyright ©\nPotenciado por BoxMagic (https://boxmagicapp.com)",
  "status": "open",
  "priority": "normal",
  "type": "ticket",
  "requester": {
    "name": "Duoc Sede Puerto Montt",
    "email": "no-responder@boxmagic.info"
  },
  "tags": [],
  "exported_at": "2025-09-22T18:54:08.059Z"
}